"","month","market","acme"
"1","1/86", 0.00675,0.03016
"2","2/86",0.00822,-0.165457
"3","3/86",0.080137
"4","4/86",-0.067561,-0.109917
"5","5/86",-0.006238,-0.114853
